Obra,Assunto,Item,Descricao,Quant,Unid,FornecedorNome,Contato,Telefone,Email,ValorUnitario,ValorNegociado,ValorTotal
Obra RIL - Residência Isabela,Piscina e Aquecimento,1,Projetos específicos,1,VB,Bom Calor,Eduardo Tenenwurcel,(31) 99941-0200,comercial@bomcalor.com,8300.00,24000.00,24000.00
Obra RIL - Residência Isabela,Piscina e Aquecimento,2,Projetos estruturais,1,VB,Bom Calor,Eduardo Tenenwurcel,(31) 99941-0200,comercial@bomcalor.com,7600.00,,7600.00
Obra RIL - Residência Isabela,Piscina e Aquecimento,3,Sistema de aquecimento,1,VB,Bom Calor,Eduardo Tenenwurcel,(31) 99941-0200,comercial@bomcalor.com,3100.00,,3100.00
Obra RIL - Residência Isabela,Piscina e Aquecimento,4,Bombas e equipamentos,1,VB,Bom Calor,Eduardo Tenenwurcel,(31) 99941-0200,comercial@bomcalor.com,8600.00,,8600.00
Obra RIL - Residência Isabela,Piscina e Aquecimento,5,Acabamentos,1,VB,Bom Calor,Eduardo Tenenwurcel,(31) 99941-0200,comercial@bomcalor.com,4200.00,,4200.00
Obra RIL - Residência Isabela,Projeto Estrutural,1,Análise de solo,1,VB,Engenharia Pro,Lucas Martins,(31) 98765-4321,contato@engenharia-pro.com,2500.00,2300.00,2300.00
Obra RIL - Residência Isabela,Projeto Estrutural,2,Projeto executivo,1,VB,Engenharia Pro,Lucas Martins,(31) 98765-4321,contato@engenharia-pro.com,5000.00,4500.00,4500.00
Obra RIL - Residência Isabela,Madeiras para Canteiro,1,Madeira compensada,30,m²,Madeireira Central,Carlos Wood,(31) 99123-4567,vendas@madeiraria-central.com,85.00,75.00,2250.00
Obra RIL - Residência Isabela,Madeiras para Canteiro,2,Madeira de demolição,50,un,Madeireira Central,Carlos Wood,(31) 99123-4567,vendas@madeiraria-central.com,45.00,40.00,2000.00
